Payment Information,Date,Method,Amount,Taxes,Total,Status
27714,2017-12-12 13:41:29+00:00,3RD PARTY,150,18,168,ACCEPTED
27713,2017-12-12 13:40:27+00:00,3RD PARTY,150,18,168,ACCEPTED
27711,2017-12-12 13:39:10+00:00,3RD PARTY,150,18,168,ACCEPTED
27712,2017-12-12 13:39:37+00:00,3RD PARTY,150,18,168,ACCEPTED
27710,2017-12-12 13:38:14+00:00,3RD PARTY,150,18,168,ACCEPTED
27709,2017-12-12 13:37:31+00:00,3RD PARTY,150,18,168,ACCEPTED
27703,2017-12-12 13:31:29+00:00,3RD PARTY,150,18,168,ACCEPTED
27702,2017-12-12 13:30:55+00:00,3RD PARTY,150,18,168,ACCEPTED
27705,2017-12-12 13:33:15+00:00,3RD PARTY,150,18,168,ACCEPTED
27704,2017-12-12 13:32:51+00:00,3RD PARTY,150,18,168,ACCEPTED
27706,2017-12-12 13:34:15+00:00,3RD PARTY,150,18,168,ACCEPTED
27707,2017-12-12 13:35:19+00:00,3RD PARTY,150,18,168,ACCEPTED
27708,2017-12-12 13:36:16+00:00,3RD PARTY,150,18,168,ACCEPTED
27701,2017-12-12 13:29:33+00:00,3RD PARTY,150,18,168,ACCEPTED
27700,2017-12-12 13:28:27+00:00,3RD PARTY,150,18,168,ACCEPTED
27699,2017-12-12 13:27:31+00:00,3RD PARTY,150,18,168,ACCEPTED
27680,2017-12-12 13:04:43+00:00,3RD PARTY,150,18,168,ACCEPTED
27686,2017-12-12 13:09:51+00:00,3RD PARTY,150,18,168,ACCEPTED
27684,2017-12-12 13:08:15+00:00,3RD PARTY,150,18,168,ACCEPTED
27682,2017-12-12 13:06:41+00:00,3RD PARTY,150,18,168,ACCEPTED
27683,2017-12-12 13:07:17+00:00,3RD PARTY,150,18,168,ACCEPTED
27688,2017-12-12 13:11:41+00:00,3RD PARTY,150,18,168,ACCEPTED
27692,2017-12-12 13:16:38+00:00,3RD PARTY,150,18,168,ACCEPTED
27691,2017-12-12 13:16:00+00:00,3RD PARTY,150,18,168,ACCEPTED
27687,2017-12-12 13:10:23+00:00,3RD PARTY,150,18,168,ACCEPTED
27695,2017-12-12 13:19:38+00:00,3RD PARTY,150,18,168,ACCEPTED
27685,2017-12-12 13:08:49+00:00,3RD PARTY,150,18,168,ACCEPTED
27697,2017-12-12 13:21:33+00:00,3RD PARTY,150,18,168,ACCEPTED
27929,2017-12-20 19:16:42+00:00,ADMIN HEADSET,2.5,0.3,2.8,ACCEPTED
28118,2017-12-29 16:24:50+00:00,3RD PARTY,150,18,168,ACCEPTED
27690,2017-12-12 13:13:49+00:00,3RD PARTY,150,18,168,ACCEPTED
27694,2017-12-12 13:18:10+00:00,3RD PARTY,150,18,168,ACCEPTED
27693,2017-12-12 13:17:40+00:00,3RD PARTY,150,18,168,ACCEPTED
27698,2017-12-12 13:22:05+00:00,3RD PARTY,150,18,168,ACCEPTED
27696,2017-12-12 13:20:34+00:00,3RD PARTY,150,18,168,ACCEPTED
27681,2017-12-12 13:05:28+00:00,3RD PARTY,150,18,168,ACCEPTED
27679,2017-12-12 12:44:56+00:00,3RD PARTY,150,18,168,ACCEPTED
27766,2017-12-14 19:49:41+00:00,ADMIN HEADSET,2.5,0.3,2.8,ACCEPTED
27768,2017-12-14 20:41:54+00:00,ADMIN HEADSET,2.5,0.3,2.8,ACCEPTED
27879,2017-12-18 19:03:17+00:00,ADMIN HEADSET,2.5,0.3,2.8,ACCEPTED
27994,2017-12-23 01:54:53+00:00,ADMIN REFUND,30,3.6,33.6,ACCEPTED
28077,2017-12-27 23:56:03+00:00,ADMIN REFUND,30,3.6,33.6,ACCEPTED
27689,2017-12-12 13:12:17+00:00,3RD PARTY,150,18,168,ACCEPTED
27502,2017-12-02 17:03:57+00:00,CREDIT CARD,30,3.6,33.6,ACCEPTED
27565,2017-12-06 01:15:58+00:00,CREDIT CARD,30,3.6,33.6,ACCEPTED
27887,2017-12-19 00:04:49+00:00,CREDIT CARD,30,3.6,33.6,ACCEPTED
27641,2017-12-09 21:55:08+00:00,POS-DEBIT,30,3.6,33.6,ACCEPTED
27715,2017-12-12 15:52:29+00:00,POS-DEBIT,30,3.6,33.6,ACCEPTED
28024,2017-12-24 23:40:18+00:00,CREDIT CARD,30,3.6,33.6,ACCEPTED
28070,2017-12-27 21:27:00+00:00,POS-CREDIT,30,3.6,33.6,ACCEPTED
28022,2017-12-24 20:04:44+00:00,POS-DEBIT,30,3.6,33.6,ACCEPTED
28023,2017-12-24 20:05:18+00:00,POS-DEBIT,3,0.36,3.36,ACCEPTED
28099,2017-12-28 18:09:21+00:00,POS-CREDIT,31.5,3.78,35.28,ACCEPTED
27656,2017-12-10 21:05:49+00:00,POS-CREDIT,74,8.88,82.88,ACCEPTED
27917,2017-12-20 00:32:08+00:00,POS-CREDIT,74,8.88,82.88,ACCEPTED
27953,2017-12-21 19:13:51+00:00,POS-DEBIT,74,8.88,82.88,ACCEPTED
27638,2017-12-09 21:13:34+00:00,POS-CREDIT,30,3.6,33.6,ACCEPTED
27716,2017-12-12 17:11:26+00:00,POS-CREDIT,30,3.6,33.6,ACCEPTED
27795,2017-12-15 16:48:58+00:00,POS-CREDIT,12,1.44,13.44,ACCEPTED
27825,2017-12-16 21:17:37+00:00,POS-DEBIT,12,1.44,13.44,ACCEPTED
27849,2017-12-17 20:24:22+00:00,POS-CREDIT,12,1.44,13.44,ACCEPTED
27884,2017-12-18 21:37:01+00:00,POS-CREDIT,30,3.6,33.6,ACCEPTED
27956,2017-12-21 22:12:48+00:00,CREDIT CARD,155,18.6,173.6,ACCEPTED
27570,2017-12-06 01:45:54+00:00,CREDIT CARD,30,3.6,33.6,ACCEPTED
28123,2017-12-29 23:49:37+00:00,POS-CREDIT,30,3.6,33.6,ACCEPTED
28094,2017-12-28 15:27:45+00:00,POS-DEBIT,74,8.88,82.88,ACCEPTED
28095,2017-12-28 15:28:13+00:00,ADMIN HEADSET,2.5,0.3,2.8,ACCEPTED
27516,2017-12-03 04:50:24+00:00,CREDIT CARD,79,9.48,88.48,ACCEPTED
28073,2017-12-27 22:28:39+00:00,CREDIT CARD,30,3.6,33.6,ACCEPTED
27883,2017-12-18 21:24:07+00:00,CREDIT CARD,12,1.44,13.44,ACCEPTED
27909,2017-12-19 21:59:00+00:00,CREDIT CARD,12,1.44,13.44,ACCEPTED
28032,2017-12-25 20:57:33+00:00,POS-DEBIT,30,3.6,33.6,ACCEPTED
27999,2017-12-23 18:10:48+00:00,CREDIT CARD,30,3.6,33.6,ACCEPTED
27499,2017-12-02 02:29:18+00:00,CREDIT CARD,30,3.6,33.6,ACCEPTED
27567,2017-12-06 01:23:03+00:00,CREDIT CARD,30,3.6,33.6,ACCEPTED
27662,2017-12-11 01:10:46+00:00,CREDIT CARD,30,3.6,33.6,ACCEPTED
27807,2017-12-16 00:33:54+00:00,CREDIT CARD,30,3.6,33.6,ACCEPTED
27923,2017-12-20 03:13:17+00:00,CREDIT CARD,30,3.6,33.6,ACCEPTED
28000,2017-12-23 18:29:48+00:00,CREDIT CARD,30,3.6,33.6,ACCEPTED
28054,2017-12-27 02:11:48+00:00,CREDIT CARD,30,3.6,33.6,ACCEPTED
28133,2017-12-30 20:32:02+00:00,CREDIT CARD,30,3.6,33.6,ACCEPTED
27595,2017-12-07 18:24:20+00:00,POS-DEBIT,30,3.6,33.6,ACCEPTED
27851,2017-12-17 20:48:49+00:00,POS-CREDIT,150,18,168,ACCEPTED
27613,2017-12-08 20:27:01+00:00,POS-CREDIT,30,3.6,33.6,ACCEPTED
27809,2017-12-16 00:38:19+00:00,POS-CREDIT,12,1.44,13.44,ACCEPTED
27854,2017-12-17 21:27:22+00:00,POS-CREDIT,12,1.44,13.44,ACCEPTED
27871,2017-12-18 15:29:07+00:00,FREE SERVICE,12,1.44,13.44,ACCEPTED
28096,2017-12-28 17:50:44+00:00,POS-CREDIT,30,3.6,33.6,ACCEPTED
28097,2017-12-28 17:51:31+00:00,POS-CREDIT,30,3.6,33.6,ACCEPTED
28098,2017-12-28 17:51:52+00:00,POS-CREDIT,12,1.44,13.44,ACCEPTED
28018,2017-12-24 18:37:37+00:00,3RD PARTY,150,18,168,ACCEPTED
27976,2017-12-22 18:28:59+00:00,POS-CREDIT,74,8.88,82.88,ACCEPTED
27977,2017-12-22 18:29:19+00:00,ADMIN HEADSET,2.5,0.3,2.8,ACCEPTED
28071,2017-12-27 21:27:37+00:00,POS-CREDIT,150,18,168,ACCEPTED
27475,2017-12-01 00:24:06+00:00,POS-CREDIT,30,3.6,33.6,ACCEPTED
27519,2017-12-03 20:15:58+00:00,POS-CREDIT,30,3.6,33.6,ACCEPTED
27588,2017-12-07 02:53:38+00:00,ADMIN HEADSET,2.5,0.3,2.8,ACCEPTED
27893,2017-12-19 01:59:08+00:00,ADMIN HEADSET,2.5,0.3,2.8,ACCEPTED
27895,2017-12-19 12:40:58+00:00,3RD PARTY,150,18,168,ACCEPTED
27498,2017-12-02 01:45:07+00:00,CASH,30,3.6,33.6,ACCEPTED
27535,2017-12-04 18:15:52+00:00,CASH,74,8.88,82.88,ACCEPTED
28078,2017-12-28 00:03:58+00:00,CASH,30,3.6,33.6,ACCEPTED
28119,2017-12-29 18:31:52+00:00,FREE SERVICE,12,1.44,13.44,ACCEPTED
27905,2017-12-19 21:07:58+00:00,POS-CREDIT,12,1.44,13.44,ACCEPTED
27906,2017-12-19 21:08:13+00:00,POS-CREDIT,12,1.44,13.44,ACCEPTED
27907,2017-12-19 21:08:38+00:00,ADMIN HEADSET,2.5,0.3,2.8,ACCEPTED
27720,2017-12-12 19:08:07+00:00,POS-CREDIT,150,18,168,ACCEPTED
28076,2017-12-27 23:25:03+00:00,POS-CREDIT,150,18,168,ACCEPTED
27549,2017-12-05 03:10:12+00:00,CREDIT CARD,30,3.6,33.6,ACCEPTED
27608,2017-12-08 03:40:26+00:00,CREDIT CARD,12,1.44,13.44,ACCEPTED
27623,2017-12-09 05:44:07+00:00,CREDIT CARD,12,1.44,13.44,ACCEPTED
27651,2017-12-10 06:10:03+00:00,CREDIT CARD,15,1.8,16.8,ACCEPTED
27669,2017-12-11 20:00:27+00:00,CREDIT CARD,37,4.44,41.44,ACCEPTED
27612,2017-12-08 20:04:07+00:00,CASH,30,3.6,33.6,ACCEPTED
27745,2017-12-13 21:09:43+00:00,CASH,12,1.44,13.44,ACCEPTED
27776,2017-12-15 00:24:27+00:00,FREE SERVICE,12,1.44,13.44,ACCEPTED
27580,2017-12-06 21:59:09+00:00,CREDIT CARD,30,3.6,33.6,ACCEPTED
27483,2017-12-01 17:40:43+00:00,POS-DEBIT,33,3.96,36.96,ACCEPTED
27650,2017-12-10 01:46:53+00:00,CREDIT CARD,30,3.6,33.6,ACCEPTED
27727,2017-12-13 01:12:42+00:00,CREDIT CARD,30,3.6,33.6,ACCEPTED
27820,2017-12-16 20:26:50+00:00,CREDIT CARD,30,3.6,33.6,ACCEPTED
27610,2017-12-08 17:21:47+00:00,3RD PARTY,150,18,168,ACCEPTED
27933,2017-12-20 23:02:06+00:00,CREDIT CARD,12,1.44,13.44,ACCEPTED
27964,2017-12-22 07:24:20+00:00,CREDIT CARD,12,1.44,13.44,ACCEPTED
27482,2017-12-01 17:13:58+00:00,FREE SERVICE,12,1.44,13.44,ACCEPTED
27521,2017-12-03 20:43:05+00:00,POS-CREDIT,30,3.6,33.6,ACCEPTED
27561,2017-12-06 00:30:36+00:00,POS-CREDIT,30,3.6,33.6,ACCEPTED
27634,2017-12-09 20:25:04+00:00,POS-CREDIT,74,8.88,82.88,ACCEPTED
27793,2017-12-15 16:21:51+00:00,FREE SERVICE,12,1.44,13.44,ACCEPTED
27861,2017-12-18 00:10:59+00:00,POS-CREDIT,12,1.44,13.44,ACCEPTED
27862,2017-12-18 00:11:26+00:00,POS-CREDIT,12,1.44,13.44,ACCEPTED
27744,2017-12-13 20:26:16+00:00,POS-CREDIT,12,1.44,13.44,ACCEPTED
27520,2017-12-03 20:28:18+00:00,CASH,30,3.6,33.6,ACCEPTED
27558,2017-12-05 20:39:26+00:00,CASH,30,3.6,33.6,ACCEPTED
27629,2017-12-09 19:02:19+00:00,CASH,30,3.6,33.6,ACCEPTED
27811,2017-12-16 01:26:21+00:00,CASH,30,3.6,33.6,ACCEPTED
27873,2017-12-18 17:41:27+00:00,CASH,30,3.6,33.6,ACCEPTED
27947,2017-12-21 16:28:58+00:00,CASH,12,1.44,13.44,ACCEPTED
28151,2017-12-31 19:26:45+00:00,CASH,30,3.6,33.6,ACCEPTED
27894,2017-12-19 02:55:11+00:00,CREDIT CARD,30,3.6,33.6,ACCEPTED
27643,2017-12-09 23:31:22+00:00,POS-CREDIT,30,3.6,33.6,ACCEPTED
27771,2017-12-14 23:37:13+00:00,POS-CREDIT,12,1.44,13.44,ACCEPTED
27812,2017-12-16 01:51:28+00:00,FREE SERVICE,12,1.44,13.44,ACCEPTED
27817,2017-12-16 19:22:45+00:00,POS-CREDIT,12,1.44,13.44,ACCEPTED
27853,2017-12-17 21:09:14+00:00,POS-CREDIT,12,1.44,13.44,ACCEPTED
27925,2017-12-20 18:08:57+00:00,POS-DEBIT,30,3.6,33.6,ACCEPTED
27926,2017-12-20 18:09:25+00:00,POS-DEBIT,12,1.44,13.44,ACCEPTED
28027,2017-12-25 18:38:52+00:00,POS-CREDIT,30,3.6,33.6,ACCEPTED
27668,2017-12-11 19:29:05+00:00,POS-CREDIT,30,3.6,33.6,ACCEPTED
27503,2017-12-02 18:22:14+00:00,CREDIT CARD,30,3.6,33.6,ACCEPTED
28043,2017-12-26 06:48:14+00:00,CREDIT CARD,30,3.6,33.6,ACCEPTED
28105,2017-12-28 19:18:05+00:00,POS-DEBIT,74,8.88,82.88,ACCEPTED
27523,2017-12-03 21:14:38+00:00,POS-CREDIT,74,8.88,82.88,ACCEPTED
27642,2017-12-09 22:02:40+00:00,POS-CREDIT,30,3.6,33.6,ACCEPTED
27719,2017-12-12 17:32:52+00:00,POS-CREDIT,30,3.6,33.6,ACCEPTED
27738,2017-12-13 15:50:37+00:00,POS-CREDIT,30,3.6,33.6,ACCEPTED
27863,2017-12-18 00:26:22+00:00,POS-CREDIT,74,8.88,82.88,ACCEPTED
27864,2017-12-18 00:26:47+00:00,POS-CREDIT,12,1.44,13.44,ACCEPTED
27865,2017-12-18 00:27:09+00:00,POS-CREDIT,12,1.44,13.44,ACCEPTED
27563,2017-12-06 00:49:05+00:00,CREDIT CARD,74,8.88,82.88,ACCEPTED
27734,2017-12-13 02:42:31+00:00,CREDIT CARD,12,1.44,13.44,ACCEPTED
27753,2017-12-14 01:15:46+00:00,CREDIT CARD,12,1.44,13.44,ACCEPTED
27784,2017-12-15 02:50:47+00:00,CASH,12,1.44,13.44,ACCEPTED
27973,2017-12-22 17:32:41+00:00,CASH,30,3.6,33.6,ACCEPTED
28080,2017-12-28 00:37:24+00:00,FREE SERVICE,12,1.44,13.44,ACCEPTED
28102,2017-12-28 18:42:27+00:00,POS-CREDIT,30,3.6,33.6,ACCEPTED
28138,2017-12-30 23:11:14+00:00,POS-CREDIT,30,3.6,33.6,ACCEPTED
27757,2017-12-14 03:53:19+00:00,CREDIT CARD,12,1.44,13.44,ACCEPTED
27501,2017-12-02 16:24:45+00:00,CREDIT CARD,30,3.6,33.6,ACCEPTED
27633,2017-12-09 19:53:44+00:00,POS-DEBIT,30,3.6,33.6,ACCEPTED
27493,2017-12-01 22:44:21+00:00,CASH,12,1.44,13.44,ACCEPTED
27494,2017-12-01 22:44:41+00:00,CASH,12,1.44,13.44,ACCEPTED
27543,2017-12-04 22:44:30+00:00,CASH,12,1.44,13.44,ACCEPTED
27544,2017-12-04 22:44:50+00:00,CASH,12,1.44,13.44,ACCEPTED
27583,2017-12-07 00:41:44+00:00,CREDIT CARD,12,1.44,13.44,ACCEPTED
27607,2017-12-08 02:50:19+00:00,CASH,12,1.44,13.44,ACCEPTED
27542,2017-12-04 22:15:00+00:00,CASH,30,3.6,33.6,ACCEPTED
27486,2017-12-01 18:49:28+00:00,POS-DEBIT,74,8.88,82.88,ACCEPTED
27747,2017-12-13 22:21:48+00:00,POS-DEBIT,30,3.6,33.6,ACCEPTED
27517,2017-12-03 04:59:22+00:00,CREDIT CARD,12,1.44,13.44,ACCEPTED
27497,2017-12-02 01:33:55+00:00,CREDIT CARD,30,3.6,33.6,ACCEPTED
27550,2017-12-05 04:05:36+00:00,CREDIT CARD,150,18,168,ACCEPTED
27477,2017-12-01 01:03:27+00:00,POS-DEBIT,30,3.6,33.6,ACCEPTED
27506,2017-12-02 20:32:24+00:00,CREDIT CARD,5,0.6,5.6,ACCEPTED
27603,2017-12-08 00:19:43+00:00,POS-CREDIT,13.5,1.62,15.12,ACCEPTED
27855,2017-12-17 21:28:40+00:00,CREDIT CARD,12,1.44,13.44,ACCEPTED
27478,2017-12-01 01:40:36+00:00,FREE SERVICE,12,1.44,13.44,ACCEPTED
27981,2017-12-22 19:32:18+00:00,POS-DEBIT,30,3.6,33.6,ACCEPTED
28030,2017-12-25 19:45:54+00:00,FREE SERVICE,12,1.44,13.44,ACCEPTED
28121,2017-12-29 19:21:24+00:00,POS-DEBIT,30,3.6,33.6,ACCEPTED
27513,2017-12-03 00:33:02+00:00,CREDIT CARD,74,8.88,82.88,ACCEPTED
27555,2017-12-05 15:34:54+00:00,POS-DEBIT,30,3.6,33.6,ACCEPTED
27591,2017-12-07 16:37:42+00:00,FREE SERVICE,12,1.44,13.44,ACCEPTED
27647,2017-12-10 00:15:35+00:00,POS-DEBIT,30,3.6,33.6,ACCEPTED
27648,2017-12-10 00:16:07+00:00,POS-DEBIT,30,3.6,33.6,ACCEPTED
27649,2017-12-10 00:16:40+00:00,FREE SERVICE,12,1.44,13.44,ACCEPTED
27846,2017-12-17 19:49:05+00:00,POS-DEBIT,30,3.6,33.6,ACCEPTED
27927,2017-12-20 18:20:20+00:00,POS-DEBIT,12,1.44,13.44,ACCEPTED
27490,2017-12-01 21:41:44+00:00,CREDIT CARD,12,1.44,13.44,ACCEPTED
27481,2017-12-01 16:55:09+00:00,POS-DEBIT,74,8.88,82.88,ACCEPTED
27589,2017-12-07 14:33:36+00:00,POS-DEBIT,74,8.88,82.88,ACCEPTED
27759,2017-12-14 15:04:40+00:00,POS-DEBIT,74,8.88,82.88,ACCEPTED
27969,2017-12-22 15:24:58+00:00,POS-DEBIT,74,8.88,82.88,ACCEPTED
28100,2017-12-28 18:13:58+00:00,POS-DEBIT,74,8.88,82.88,ACCEPTED
27488,2017-12-01 21:03:05+00:00,POS-DEBIT,30,3.6,33.6,ACCEPTED
27554,2017-12-05 15:29:58+00:00,POS-CREDIT,30,3.6,33.6,ACCEPTED
27609,2017-12-08 16:18:14+00:00,POS-DEBIT,30,3.6,33.6,ACCEPTED
27756,2017-12-14 02:35:42+00:00,POS-DEBIT,30,3.6,33.6,ACCEPTED
27581,2017-12-06 22:12:56+00:00,POS-CREDIT,74,8.88,82.88,ACCEPTED
27515,2017-12-03 01:15:42+00:00,POS-CREDIT,12,1.44,13.44,ACCEPTED
27530,2017-12-04 03:18:54+00:00,CREDIT CARD,12,1.44,13.44,ACCEPTED
27553,2017-12-05 14:28:06+00:00,CREDIT CARD,12,1.44,13.44,ACCEPTED
28147,2017-12-31 04:51:30+00:00,CREDIT CARD,30,3.6,33.6,ACCEPTED
27480,2017-12-01 13:11:22+00:00,CREDIT CARD,12,1.44,13.44,ACCEPTED
27525,2017-12-03 23:10:29+00:00,POS-DEBIT,12,1.44,13.44,ACCEPTED
27545,2017-12-04 23:10:18+00:00,POS-DEBIT,12,1.44,13.44,ACCEPTED
27568,2017-12-06 01:31:20+00:00,POS-CREDIT,12,1.44,13.44,ACCEPTED
27569,2017-12-06 01:31:37+00:00,POS-CREDIT,12,1.44,13.44,ACCEPTED
27601,2017-12-07 23:40:14+00:00,POS-DEBIT,12,1.44,13.44,ACCEPTED
27602,2017-12-07 23:40:42+00:00,POS-DEBIT,12,1.44,13.44,ACCEPTED
27505,2017-12-02 20:08:10+00:00,CASH,12,1.44,13.44,ACCEPTED
27476,2017-12-01 00:35:33+00:00,POS-CREDIT,74,8.88,82.88,ACCEPTED
27479,2017-12-01 03:24:58+00:00,CREDIT CARD,30,3.6,33.6,ACCEPTED
27484,2017-12-01 18:19:31+00:00,POS-DEBIT,30,3.6,33.6,ACCEPTED
27485,2017-12-01 18:20:09+00:00,ADMIN HEADSET,2.5,0.3,2.8,ACCEPTED
27524,2017-12-03 22:47:57+00:00,POS-DEBIT,3,0.36,3.36,ACCEPTED
27531,2017-12-04 16:54:37+00:00,CASH,12,1.44,13.44,ACCEPTED
27556,2017-12-05 19:06:23+00:00,CASH,12,1.44,13.44,ACCEPTED
27590,2017-12-07 16:06:50+00:00,POS-DEBIT,31.5,3.78,35.28,ACCEPTED
27654,2017-12-10 20:26:27+00:00,CASH,12,1.44,13.44,ACCEPTED
27728,2017-12-13 01:29:32+00:00,POS-DEBIT,30,3.6,33.6,ACCEPTED
27487,2017-12-01 19:49:56+00:00,CASH,30,3.6,33.6,ACCEPTED
27534,2017-12-04 18:07:52+00:00,POS-DEBIT,74,8.88,82.88,ACCEPTED
27491,2017-12-01 22:17:42+00:00,POS-DEBIT,30,3.6,33.6,ACCEPTED
27577,2017-12-06 21:30:52+00:00,POS-DEBIT,12,1.44,13.44,ACCEPTED
27492,2017-12-01 22:28:57+00:00,POS-DEBIT,30,3.6,33.6,ACCEPTED
27533,2017-12-04 17:19:04+00:00,POS-DEBIT,30,3.6,33.6,ACCEPTED
27495,2017-12-02 00:02:35+00:00,POS-CREDIT,79,9.48,88.48,ACCEPTED
27622,2017-12-09 01:25:18+00:00,FREE SERVICE,12,1.44,13.44,ACCEPTED
27637,2017-12-09 20:58:35+00:00,POS-CREDIT,30,3.6,33.6,ACCEPTED
27760,2017-12-14 17:05:38+00:00,POS-CREDIT,30,3.6,33.6,ACCEPTED
27496,2017-12-02 00:20:29+00:00,POS-DEBIT,30,3.6,33.6,ACCEPTED
27500,2017-12-02 04:20:00+00:00,CREDIT CARD,12,1.44,13.44,ACCEPTED
27659,2017-12-11 00:14:23+00:00,POS-CREDIT,30,3.6,33.6,ACCEPTED
27504,2017-12-02 19:23:11+00:00,POS-DEBIT,30,3.6,33.6,ACCEPTED
27547,2017-12-05 01:59:17+00:00,POS-DEBIT,30,3.6,33.6,ACCEPTED
27599,2017-12-07 22:50:05+00:00,POS-DEBIT,30,3.6,33.6,ACCEPTED
27657,2017-12-10 21:21:31+00:00,CASH,30,3.6,33.6,ACCEPTED
27507,2017-12-02 21:00:04+00:00,POS-CREDIT,30,3.6,33.6,ACCEPTED
27508,2017-12-02 21:19:42+00:00,POS-DEBIT,30,3.6,33.6,ACCEPTED
27564,2017-12-06 01:00:59+00:00,CREDIT CARD,30,3.6,33.6,ACCEPTED
27644,2017-12-09 23:37:58+00:00,CREDIT CARD,33,3.96,36.96,ACCEPTED
27652,2017-12-10 19:32:52+00:00,FREE SERVICE,12,1.44,13.44,ACCEPTED
27509,2017-12-02 22:05:21+00:00,POS-CREDIT,30,3.6,33.6,ACCEPTED
27557,2017-12-05 19:36:00+00:00,POS-CREDIT,30,3.6,33.6,ACCEPTED
27510,2017-12-02 23:23:01+00:00,POS-CREDIT,30,3.6,33.6,ACCEPTED
27511,2017-12-02 23:46:09+00:00,CREDIT CARD,30,3.6,33.6,ACCEPTED
27732,2017-12-13 02:13:07+00:00,CREDIT CARD,30,3.6,33.6,ACCEPTED
27512,2017-12-03 00:00:18+00:00,CREDIT CARD,12,1.44,13.44,ACCEPTED
27676,2017-12-12 01:12:11+00:00,POS-DEBIT,12,1.44,13.44,ACCEPTED
27730,2017-12-13 01:49:14+00:00,POS-DEBIT,30,3.6,33.6,ACCEPTED
27514,2017-12-03 00:36:08+00:00,CREDIT CARD,30,3.6,33.6,ACCEPTED
27518,2017-12-03 19:52:59+00:00,CREDIT CARD,12,1.44,13.44,ACCEPTED
27522,2017-12-03 20:56:50+00:00,CREDIT CARD,31.5,3.78,35.28,ACCEPTED
27559,2017-12-05 22:27:22+00:00,CREDIT CARD,3,0.36,3.36,ACCEPTED
28088,2017-12-28 02:52:00+00:00,CREDIT CARD,30,3.6,33.6,ACCEPTED
28089,2017-12-28 02:53:22+00:00,CREDIT CARD,30,3.6,33.6,ACCEPTED
27538,2017-12-04 20:21:38+00:00,POS-CREDIT,74,8.88,82.88,ACCEPTED
27746,2017-12-13 22:02:10+00:00,POS-CREDIT,150,18,168,ACCEPTED
27526,2017-12-03 23:36:32+00:00,CASH,30,3.6,33.6,ACCEPTED
27566,2017-12-06 01:21:10+00:00,CASH,30,3.6,33.6,ACCEPTED
27527,2017-12-03 23:51:17+00:00,CREDIT CARD,77,9.24,86.24,ACCEPTED
27536,2017-12-04 19:31:29+00:00,CREDIT CARD,33,3.96,36.96,ACCEPTED
27620,2017-12-08 23:34:11+00:00,FREE SERVICE,12,1.44,13.44,ACCEPTED
27826,2017-12-16 22:41:45+00:00,POS-CREDIT,74,8.88,82.88,ACCEPTED
27528,2017-12-04 00:28:38+00:00,POS-DEBIT,12,1.44,13.44,ACCEPTED
27529,2017-12-04 00:29:09+00:00,POS-DEBIT,12,1.44,13.44,ACCEPTED
27582,2017-12-06 22:57:55+00:00,POS-CREDIT,74,8.88,82.88,ACCEPTED
27532,2017-12-04 17:05:12+00:00,POS-CREDIT,30,3.6,33.6,ACCEPTED
27537,2017-12-04 19:39:03+00:00,CREDIT CARD,30,3.6,33.6,ACCEPTED
27731,2017-12-13 02:06:14+00:00,CREDIT CARD,30,3.6,33.6,ACCEPTED
27539,2017-12-04 21:23:19+00:00,CREDIT CARD,30,3.6,33.6,ACCEPTED
27540,2017-12-04 21:23:26+00:00,POS-DEBIT,30,3.6,33.6,ACCEPTED
27541,2017-12-04 21:23:40+00:00,ADMIN HEADSET,2.5,0.3,2.8,ACCEPTED
27546,2017-12-05 00:15:34+00:00,POS-DEBIT,30,3.6,33.6,ACCEPTED
27598,2017-12-07 20:18:56+00:00,POS-DEBIT,30,3.6,33.6,ACCEPTED
27658,2017-12-10 21:27:32+00:00,POS-CREDIT,12,1.44,13.44,ACCEPTED
27677,2017-12-12 02:47:50+00:00,CREDIT CARD,12,1.44,13.44,ACCEPTED
27548,2017-12-05 02:52:47+00:00,CREDIT CARD,12,1.44,13.44,ACCEPTED
27551,2017-12-05 04:11:48+00:00,CREDIT CARD,30,3.6,33.6,ACCEPTED
27552,2017-12-05 04:46:49+00:00,CREDIT CARD,12,1.44,13.44,ACCEPTED
27562,2017-12-06 00:37:45+00:00,CREDIT CARD,30,3.6,33.6,ACCEPTED
27765,2017-12-14 19:36:21+00:00,CREDIT CARD,30,3.6,33.6,ACCEPTED
27571,2017-12-06 03:28:03+00:00,CREDIT CARD,30,3.6,33.6,ACCEPTED
27573,2017-12-06 17:12:55+00:00,CREDIT CARD,12,1.44,13.44,ACCEPTED
27574,2017-12-06 17:15:13+00:00,CREDIT CARD,1.5,0.18,1.68,ACCEPTED
27575,2017-12-06 17:49:00+00:00,POS-CREDIT,12,1.44,13.44,ACCEPTED
27576,2017-12-06 17:49:21+00:00,ADMIN HEADSET,2.5,0.3,2.8,ACCEPTED
27579,2017-12-06 21:57:47+00:00,POS-CREDIT,30,3.6,33.6,ACCEPTED
27584,2017-12-07 01:08:12+00:00,POS-CREDIT,30,3.6,33.6,ACCEPTED
27585,2017-12-07 02:07:48+00:00,CREDIT CARD,30,3.6,33.6,ACCEPTED
27653,2017-12-10 19:51:00+00:00,CREDIT CARD,12,1.44,13.44,ACCEPTED
27586,2017-12-07 02:45:46+00:00,POS-CREDIT,12,1.44,13.44,ACCEPTED
27587,2017-12-07 02:46:01+00:00,POS-CREDIT,12,1.44,13.44,ACCEPTED
27621,2017-12-09 00:47:24+00:00,FREE SERVICE,12,1.44,13.44,ACCEPTED
27592,2017-12-07 18:05:43+00:00,CASH,12,1.44,13.44,ACCEPTED
27593,2017-12-07 18:08:46+00:00,ADMIN HEADSET,2.5,0.3,2.8,ACCEPTED
27594,2017-12-07 18:14:57+00:00,POS-DEBIT,12,1.44,13.44,ACCEPTED
27740,2017-12-13 16:50:30+00:00,POS-CREDIT,12,1.44,13.44,ACCEPTED
27596,2017-12-07 19:39:48+00:00,POS-CREDIT,30,3.6,33.6,ACCEPTED
27597,2017-12-07 19:57:43+00:00,DON,74,8.88,82.88,ACCEPTED
27737,2017-12-13 15:22:34+00:00,DON,150,18,168,ACCEPTED
27600,2017-12-07 22:53:36+00:00,CASH,12,1.44,13.44,ACCEPTED
27604,2017-12-08 02:20:55+00:00,CREDIT CARD,30,3.6,33.6,ACCEPTED
27663,2017-12-11 03:06:22+00:00,CREDIT CARD,30,3.6,33.6,ACCEPTED
27750,2017-12-14 00:02:39+00:00,POS-CREDIT,74,8.88,82.88,ACCEPTED
27605,2017-12-08 02:26:44+00:00,FREE SERVICE,12,1.44,13.44,ACCEPTED
27606,2017-12-08 02:27:13+00:00,FREE SERVICE,12,1.44,13.44,ACCEPTED
27655,2017-12-10 20:47:55+00:00,CREDIT CARD,30,3.6,33.6,ACCEPTED
27763,2017-12-14 18:35:23+00:00,CREDIT CARD,12,1.44,13.44,ACCEPTED
27611,2017-12-08 19:05:15+00:00,CREDIT CARD,74,8.88,82.88,ACCEPTED
27773,2017-12-14 23:59:09+00:00,POS-CREDIT,30,3.6,33.6,ACCEPTED
27848,2017-12-17 20:19:10+00:00,POS-CREDIT,12,1.44,13.44,ACCEPTED
27614,2017-12-08 21:11:34+00:00,CREDIT CARD,12,1.44,13.44,ACCEPTED
27646,2017-12-10 00:09:50+00:00,CREDIT CARD,12,1.44,13.44,ACCEPTED
27664,2017-12-11 07:02:55+00:00,CREDIT CARD,12,1.44,13.44,ACCEPTED
27615,2017-12-08 22:03:59+00:00,CREDIT CARD,12,1.44,13.44,ACCEPTED
27616,2017-12-08 22:04:56+00:00,CASH,12,1.44,13.44,ACCEPTED
27640,2017-12-09 21:29:39+00:00,CASH,30,3.6,33.6,ACCEPTED
27724,2017-12-12 23:39:09+00:00,CASH,12,1.44,13.44,ACCEPTED
27743,2017-12-13 20:20:37+00:00,CASH,12,1.44,13.44,ACCEPTED
27775,2017-12-15 00:14:45+00:00,CASH,12,1.44,13.44,ACCEPTED
27808,2017-12-16 00:34:38+00:00,CASH,12,1.44,13.44,ACCEPTED
27835,2017-12-17 01:39:37+00:00,CREDIT CARD,12,1.44,13.44,ACCEPTED
27875,2017-12-18 18:14:41+00:00,CASH,30,3.6,33.6,ACCEPTED
27954,2017-12-21 19:54:52+00:00,CASH,12,1.44,13.44,ACCEPTED
27619,2017-12-08 23:16:18+00:00,CREDIT CARD,12,1.44,13.44,ACCEPTED
27624,2017-12-09 05:45:10+00:00,CREDIT CARD,12,1.44,13.44,ACCEPTED
27625,2017-12-09 10:18:11+00:00,CREDIT CARD,12,1.44,13.44,ACCEPTED
27626,2017-12-09 16:49:31+00:00,CREDIT CARD,30,3.6,33.6,ACCEPTED
27723,2017-12-12 20:37:11+00:00,CREDIT CARD,12,1.44,13.44,ACCEPTED
27751,2017-12-14 00:30:07+00:00,CREDIT CARD,12,1.44,13.44,ACCEPTED
27627,2017-12-09 17:28:32+00:00,CREDIT CARD,74,8.88,82.88,ACCEPTED
27823,2017-12-16 21:03:50+00:00,CREDIT CARD,74,8.88,82.88,ACCEPTED
27971,2017-12-22 17:07:02+00:00,POS-CREDIT,74,8.88,82.88,ACCEPTED
27628,2017-12-09 17:49:04+00:00,CREDIT CARD,12,1.44,13.44,ACCEPTED
27630,2017-12-09 19:21:36+00:00,POS-CREDIT,30,3.6,33.6,ACCEPTED
27631,2017-12-09 19:21:59+00:00,POS-CREDIT,30,3.6,33.6,ACCEPTED
27796,2017-12-15 17:37:56+00:00,POS-CREDIT,30,3.6,33.6,ACCEPTED
27797,2017-12-15 17:38:29+00:00,POS-CREDIT,30,3.6,33.6,ACCEPTED
27632,2017-12-09 19:38:02+00:00,POS-DEBIT,30,3.6,33.6,ACCEPTED
27635,2017-12-09 20:29:17+00:00,POS-DEBIT,12,1.44,13.44,ACCEPTED
27636,2017-12-09 20:29:38+00:00,POS-DEBIT,12,1.44,13.44,ACCEPTED
27665,2017-12-11 18:24:57+00:00,POS-DEBIT,12,1.44,13.44,ACCEPTED
27666,2017-12-11 18:25:15+00:00,POS-DEBIT,12,1.44,13.44,ACCEPTED
27639,2017-12-09 21:21:13+00:00,CREDIT CARD,30,3.6,33.6,ACCEPTED
27645,2017-12-10 00:04:03+00:00,POS-DEBIT,30,3.6,33.6,ACCEPTED
27660,2017-12-11 00:45:23+00:00,CREDIT CARD,30,3.6,33.6,ACCEPTED
27661,2017-12-11 00:48:17+00:00,CREDIT CARD,12,1.44,13.44,ACCEPTED
27810,2017-12-16 00:49:49+00:00,POS-DEBIT,12,1.44,13.44,ACCEPTED
27832,2017-12-17 00:37:05+00:00,FREE SERVICE,12,1.44,13.44,ACCEPTED
27866,2017-12-18 01:05:41+00:00,POS-CREDIT,12,1.44,13.44,ACCEPTED
27891,2017-12-19 01:18:57+00:00,CASH,12,1.44,13.44,ACCEPTED
27915,2017-12-20 00:15:32+00:00,POS-DEBIT,12,1.44,13.44,ACCEPTED
27916,2017-12-20 00:15:57+00:00,ADMIN HEADSET,2.5,0.3,2.8,ACCEPTED
27940,2017-12-21 02:22:16+00:00,POS-DEBIT,12,1.44,13.44,ACCEPTED
27959,2017-12-22 02:27:24+00:00,POS-DEBIT,12,1.44,13.44,ACCEPTED
27996,2017-12-23 02:15:10+00:00,POS-DEBIT,12,1.44,13.44,ACCEPTED
28017,2017-12-24 18:15:06+00:00,FREE SERVICE,12,1.44,13.44,ACCEPTED
28036,2017-12-25 21:36:46+00:00,POS-DEBIT,12,1.44,13.44,ACCEPTED
28049,2017-12-26 22:31:35+00:00,POS-DEBIT,12,1.44,13.44,ACCEPTED
28081,2017-12-28 00:48:20+00:00,POS-DEBIT,12,1.44,13.44,ACCEPTED
28112,2017-12-29 00:05:13+00:00,POS-DEBIT,12,1.44,13.44,ACCEPTED
28125,2017-12-30 00:55:13+00:00,POS-DEBIT,12,1.44,13.44,ACCEPTED
28143,2017-12-31 00:58:14+00:00,POS-DEBIT,12,1.44,13.44,ACCEPTED
27667,2017-12-11 19:05:29+00:00,CREDIT CARD,30,3.6,33.6,ACCEPTED
27670,2017-12-11 22:03:49+00:00,CREDIT CARD,12,1.44,13.44,ACCEPTED
27672,2017-12-11 23:01:00+00:00,CREDIT CARD,30,3.6,33.6,ACCEPTED
27764,2017-12-14 18:59:12+00:00,CREDIT CARD,30,3.6,33.6,ACCEPTED
27850,2017-12-17 20:36:44+00:00,CREDIT CARD,74,8.88,82.88,ACCEPTED
27673,2017-12-12 00:45:25+00:00,POS-DEBIT,12,1.44,13.44,ACCEPTED
27678,2017-12-12 03:32:45+00:00,CREDIT CARD,30,3.6,33.6,ACCEPTED
27717,2017-12-12 17:26:23+00:00,POS-CREDIT,12,1.44,13.44,ACCEPTED
27718,2017-12-12 17:26:52+00:00,ADMIN HEADSET,2.5,0.3,2.8,ACCEPTED
27721,2017-12-12 20:04:21+00:00,POS-CREDIT,12,1.44,13.44,ACCEPTED
27722,2017-12-12 20:04:40+00:00,ADMIN HEADSET,2.5,0.3,2.8,ACCEPTED
27725,2017-12-13 00:06:38+00:00,POS-CREDIT,74,8.88,82.88,ACCEPTED
27886,2017-12-19 00:02:10+00:00,POS-CREDIT,30,3.6,33.6,ACCEPTED
27735,2017-12-13 09:16:02+00:00,CREDIT CARD,30,3.6,33.6,ACCEPTED
27736,2017-12-13 14:02:54+00:00,CREDIT CARD,30,3.6,33.6,ACCEPTED
27739,2017-12-13 16:40:33+00:00,POS-CREDIT,12,1.44,13.44,ACCEPTED
27794,2017-12-15 16:36:59+00:00,POS-CREDIT,12,1.44,13.44,ACCEPTED
27799,2017-12-15 19:42:20+00:00,POS-CREDIT,30,3.6,33.6,ACCEPTED
27800,2017-12-15 19:42:41+00:00,POS-CREDIT,30,3.6,33.6,ACCEPTED
27975,2017-12-22 18:17:40+00:00,POS-CREDIT,74,8.88,82.88,ACCEPTED
28068,2017-12-27 20:20:48+00:00,CASH,30,3.6,33.6,ACCEPTED
28132,2017-12-30 19:26:28+00:00,POS-CREDIT,74,8.88,82.88,ACCEPTED
27741,2017-12-13 18:21:33+00:00,POS-CREDIT,150,18,168,ACCEPTED
27742,2017-12-13 18:21:57+00:00,FREE SERVICE,1.5,0.18,1.68,ACCEPTED
27748,2017-12-13 22:54:13+00:00,POS-CREDIT,74,8.88,82.88,ACCEPTED
27749,2017-12-13 22:54:29+00:00,ADMIN HEADSET,2.5,0.3,2.8,ACCEPTED
27821,2017-12-16 20:30:30+00:00,CASH,5,0.6,5.6,ACCEPTED
27877,2017-12-18 18:43:49+00:00,POS-CREDIT,74,8.88,82.88,ACCEPTED
27955,2017-12-21 21:38:09+00:00,POS-CREDIT,5,0.6,5.6,ACCEPTED
27958,2017-12-22 01:05:43+00:00,CASH,1.5,0.18,1.68,ACCEPTED
27752,2017-12-14 00:37:00+00:00,POS-CREDIT,30,3.6,33.6,ACCEPTED
27831,2017-12-17 00:29:24+00:00,POS-CREDIT,30,3.6,33.6,ACCEPTED
27919,2017-12-20 01:18:22+00:00,CREDIT CARD,33,3.96,36.96,ACCEPTED
27972,2017-12-22 17:11:37+00:00,POS-CREDIT,30,3.6,33.6,ACCEPTED
28042,2017-12-26 02:13:10+00:00,CREDIT CARD,30,3.6,33.6,ACCEPTED
27754,2017-12-14 01:21:17+00:00,CREDIT CARD,12,1.44,13.44,ACCEPTED
27815,2017-12-16 04:56:20+00:00,CREDIT CARD,12,1.44,13.44,ACCEPTED
27755,2017-12-14 02:25:16+00:00,POS-CREDIT,12,1.44,13.44,ACCEPTED
27783,2017-12-15 02:22:50+00:00,POS-CREDIT,12,1.44,13.44,ACCEPTED
27806,2017-12-16 00:31:32+00:00,CASH,12,1.44,13.44,ACCEPTED
27829,2017-12-16 22:51:02+00:00,CASH,12,1.44,13.44,ACCEPTED
27758,2017-12-14 05:50:20+00:00,CREDIT CARD,12,1.44,13.44,ACCEPTED
27778,2017-12-15 00:44:15+00:00,FREE SERVICE,12,1.44,13.44,ACCEPTED
27761,2017-12-14 17:58:58+00:00,POS-CREDIT,30,3.6,33.6,ACCEPTED
27762,2017-12-14 17:59:14+00:00,ADMIN HEADSET,2.5,0.3,2.8,ACCEPTED
27819,2017-12-16 20:02:24+00:00,POS-DEBIT,30,3.6,33.6,ACCEPTED
27934,2017-12-21 00:21:01+00:00,POS-CREDIT,12,1.44,13.44,ACCEPTED
27767,2017-12-14 20:12:42+00:00,POS-CREDIT,30,3.6,33.6,ACCEPTED
27772,2017-12-14 23:42:55+00:00,POS-DEBIT,30,3.6,33.6,ACCEPTED
27874,2017-12-18 17:51:35+00:00,POS-CREDIT,30,3.6,33.6,ACCEPTED
27770,2017-12-14 23:27:49+00:00,POS-DEBIT,150,18,168,ACCEPTED
27774,2017-12-15 00:11:40+00:00,CREDIT CARD,30,3.6,33.6,ACCEPTED
27920,2017-12-20 01:36:54+00:00,CREDIT CARD,30,3.6,33.6,ACCEPTED
27777,2017-12-15 00:27:58+00:00,CREDIT CARD,12,1.44,13.44,ACCEPTED
27816,2017-12-16 17:52:10+00:00,CREDIT CARD,12,1.44,13.44,ACCEPTED
27876,2017-12-18 18:16:21+00:00,CREDIT CARD,12,1.44,13.44,ACCEPTED
27924,2017-12-20 17:36:32+00:00,CREDIT CARD,12,1.44,13.44,ACCEPTED
27951,2017-12-21 18:10:13+00:00,CREDIT CARD,30,3.6,33.6,ACCEPTED
28019,2017-12-24 18:54:23+00:00,CREDIT CARD,30,3.6,33.6,ACCEPTED
28058,2017-12-27 16:45:44+00:00,CREDIT CARD,30,3.6,33.6,ACCEPTED
27780,2017-12-15 01:12:44+00:00,CREDIT CARD,30,3.6,33.6,ACCEPTED
27867,2017-12-18 01:30:30+00:00,CREDIT CARD,12,1.44,13.44,ACCEPTED
27781,2017-12-15 01:16:40+00:00,CREDIT CARD,30,3.6,33.6,ACCEPTED
27847,2017-12-17 20:14:06+00:00,CREDIT CARD,74,8.88,82.88,ACCEPTED
27782,2017-12-15 01:19:25+00:00,POS-CREDIT,30,3.6,33.6,ACCEPTED
27785,2017-12-15 06:19:47+00:00,CREDIT CARD,30,3.6,33.6,ACCEPTED
27801,2017-12-15 20:15:11+00:00,POS-DEBIT,30,3.6,33.6,ACCEPTED
27802,2017-12-15 20:31:24+00:00,CASH,12,1.44,13.44,ACCEPTED
27803,2017-12-15 21:56:27+00:00,CREDIT CARD,79,9.48,88.48,ACCEPTED
27804,2017-12-15 22:47:20+00:00,POS-DEBIT,30,3.6,33.6,ACCEPTED
27880,2017-12-18 20:16:32+00:00,CREDIT CARD,12,1.44,13.44,ACCEPTED
27899,2017-12-19 16:13:01+00:00,POS-CREDIT,12,1.44,13.44,ACCEPTED
27932,2017-12-20 20:32:17+00:00,CREDIT CARD,12,1.44,13.44,ACCEPTED
27946,2017-12-21 16:24:39+00:00,POS-CREDIT,12,1.44,13.44,ACCEPTED
27982,2017-12-22 19:44:53+00:00,CREDIT CARD,12,1.44,13.44,ACCEPTED
27805,2017-12-16 00:09:06+00:00,POS-CREDIT,30,3.6,33.6,ACCEPTED
27872,2017-12-18 16:55:48+00:00,POS-CREDIT,30,3.6,33.6,ACCEPTED
28002,2017-12-23 20:56:51+00:00,POS-DEBIT,12,1.44,13.44,ACCEPTED
28061,2017-12-27 17:26:45+00:00,POS-CREDIT,30,3.6,33.6,ACCEPTED
28139,2017-12-30 23:54:32+00:00,POS-DEBIT,30,3.6,33.6,ACCEPTED
27813,2017-12-16 03:26:09+00:00,CREDIT CARD,30,3.6,33.6,ACCEPTED
27818,2017-12-16 19:30:41+00:00,POS-CREDIT,150,18,168,ACCEPTED
27822,2017-12-16 20:36:47+00:00,CREDIT CARD,12,1.44,13.44,ACCEPTED
27859,2017-12-17 23:14:20+00:00,CREDIT CARD,12,1.44,13.44,ACCEPTED
27824,2017-12-16 21:11:58+00:00,POS-DEBIT,74,8.88,82.88,ACCEPTED
27827,2017-12-16 22:45:01+00:00,POS-DEBIT,12,1.44,13.44,ACCEPTED
27828,2017-12-16 22:45:31+00:00,CASH,12,1.44,13.44,ACCEPTED
27904,2017-12-19 19:41:01+00:00,FREE SERVICE,12,1.44,13.44,ACCEPTED
27830,2017-12-16 23:22:59+00:00,POS-CREDIT,30,3.6,33.6,ACCEPTED
27914,2017-12-19 23:56:58+00:00,CREDIT CARD,30,3.6,33.6,ACCEPTED
27839,2017-12-17 04:12:22+00:00,CREDIT CARD,12,1.44,13.44,ACCEPTED
27843,2017-12-17 08:17:08+00:00,CREDIT CARD,12,1.44,13.44,ACCEPTED
27845,2017-12-17 18:07:42+00:00,CREDIT CARD,12,1.44,13.44,ACCEPTED
27900,2017-12-19 17:11:22+00:00,POS-CREDIT,12,1.44,13.44,ACCEPTED
27852,2017-12-17 20:53:01+00:00,CREDIT CARD,12,1.44,13.44,ACCEPTED
27856,2017-12-17 22:16:37+00:00,POS-CREDIT,30,3.6,33.6,ACCEPTED
27938,2017-12-21 01:18:30+00:00,POS-CREDIT,12,1.44,13.44,ACCEPTED
27939,2017-12-21 01:18:57+00:00,POS-CREDIT,12,1.44,13.44,ACCEPTED
27993,2017-12-23 01:18:34+00:00,CASH,33,3.96,36.96,ACCEPTED
28046,2017-12-26 20:18:44+00:00,CASH,33,3.96,36.96,ACCEPTED
28093,2017-12-28 15:16:18+00:00,CASH,12,1.44,13.44,ACCEPTED
28158,2017-12-31 23:54:29+00:00,CASH,12,1.44,13.44,ACCEPTED
28159,2017-12-31 23:54:56+00:00,CASH,15,1.8,16.8,ACCEPTED
27857,2017-12-17 23:01:29+00:00,CREDIT CARD,12,1.44,13.44,ACCEPTED
27868,2017-12-18 02:17:36+00:00,CREDIT CARD,15,1.8,16.8,ACCEPTED
27888,2017-12-19 00:09:45+00:00,CREDIT CARD,30,3.6,33.6,ACCEPTED
27870,2017-12-18 14:22:03+00:00,CREDIT CARD,13.5,1.62,15.12,ACCEPTED
27878,2017-12-18 18:59:02+00:00,FREE SERVICE,12,1.44,13.44,ACCEPTED
27881,2017-12-18 20:28:59+00:00,DON,30,3.6,33.6,ACCEPTED
27882,2017-12-18 20:52:59+00:00,POS-CREDIT,30,3.6,33.6,ACCEPTED
27935,2017-12-21 00:34:37+00:00,POS-CREDIT,12,1.44,13.44,ACCEPTED
27979,2017-12-22 19:01:58+00:00,POS-CREDIT,12,1.44,13.44,ACCEPTED
27980,2017-12-22 19:02:23+00:00,POS-CREDIT,12,1.44,13.44,ACCEPTED
27885,2017-12-18 22:48:23+00:00,CREDIT CARD,12,1.44,13.44,ACCEPTED
27922,2017-12-20 03:02:58+00:00,CREDIT CARD,12,1.44,13.44,ACCEPTED
27960,2017-12-22 03:13:38+00:00,CREDIT CARD,12,1.44,13.44,ACCEPTED
27995,2017-12-23 02:00:52+00:00,CREDIT CARD,12,1.44,13.44,ACCEPTED
27889,2017-12-19 00:39:50+00:00,CASH,12,1.44,13.44,ACCEPTED
27890,2017-12-19 00:40:31+00:00,CASH,12,1.44,13.44,ACCEPTED
28056,2017-12-27 02:54:51+00:00,CREDIT CARD,12,1.44,13.44,ACCEPTED
27892,2017-12-19 01:57:06+00:00,POS-DEBIT,30,3.6,33.6,ACCEPTED
27901,2017-12-19 17:45:57+00:00,POS-DEBIT,12,1.44,13.44,ACCEPTED
27902,2017-12-19 17:46:16+00:00,POS-DEBIT,12,1.44,13.44,ACCEPTED
27903,2017-12-19 17:46:34+00:00,ADMIN HEADSET,2.5,0.3,2.8,ACCEPTED
27985,2017-12-22 21:40:37+00:00,POS-CREDIT,12,1.44,13.44,ACCEPTED
27986,2017-12-22 21:41:01+00:00,POS-CREDIT,12,1.44,13.44,ACCEPTED
27908,2017-12-19 21:34:34+00:00,CREDIT CARD,12,1.44,13.44,ACCEPTED
27910,2017-12-19 22:07:53+00:00,DON,74,8.88,82.88,ACCEPTED
27944,2017-12-21 15:25:15+00:00,DON,74,8.88,82.88,ACCEPTED
27911,2017-12-19 22:58:08+00:00,POS-DEBIT,12,1.44,13.44,ACCEPTED
27912,2017-12-19 22:58:27+00:00,POS-DEBIT,12,1.44,13.44,ACCEPTED
27913,2017-12-19 23:22:41+00:00,CREDIT CARD,12,1.44,13.44,ACCEPTED
27918,2017-12-20 01:06:07+00:00,CREDIT CARD,12,1.44,13.44,ACCEPTED
27937,2017-12-21 01:16:34+00:00,CREDIT CARD,12,1.44,13.44,ACCEPTED
27961,2017-12-22 05:33:38+00:00,CREDIT CARD,12,1.44,13.44,ACCEPTED
27921,2017-12-20 02:27:55+00:00,CREDIT CARD,12,1.44,13.44,ACCEPTED
27928,2017-12-20 19:11:31+00:00,POS-CREDIT,30,3.6,33.6,ACCEPTED
27930,2017-12-20 19:54:11+00:00,POS-CREDIT,30,3.6,33.6,ACCEPTED
27936,2017-12-21 00:49:51+00:00,CASH,150,18,168,ACCEPTED
28033,2017-12-25 21:11:40+00:00,FREE SERVICE,12,1.44,13.44,ACCEPTED
27941,2017-12-21 02:40:18+00:00,CASH,12,1.44,13.44,ACCEPTED
27945,2017-12-21 16:17:01+00:00,POS-CREDIT,12,1.44,13.44,ACCEPTED
27974,2017-12-22 17:46:09+00:00,POS-CREDIT,30,3.6,33.6,ACCEPTED
28028,2017-12-25 19:15:18+00:00,POS-CREDIT,30,3.6,33.6,ACCEPTED
28103,2017-12-28 18:50:24+00:00,POS-CREDIT,30,3.6,33.6,ACCEPTED
27942,2017-12-21 04:14:26+00:00,CREDIT CARD,30,3.6,33.6,ACCEPTED
27970,2017-12-22 16:57:12+00:00,CASH,74,8.88,82.88,ACCEPTED
27948,2017-12-21 17:13:14+00:00,POS-CREDIT,12,1.44,13.44,ACCEPTED
27949,2017-12-21 17:13:34+00:00,POS-CREDIT,12,1.44,13.44,ACCEPTED
28001,2017-12-23 19:20:42+00:00,POS-CREDIT,12,1.44,13.44,ACCEPTED
27950,2017-12-21 17:35:02+00:00,CREDIT CARD,13.5,1.62,15.12,ACCEPTED
27952,2017-12-21 18:49:49+00:00,POS-DEBIT,12,1.44,13.44,ACCEPTED
27957,2017-12-21 22:38:11+00:00,POS-DEBIT,30,3.6,33.6,ACCEPTED
28021,2017-12-24 19:46:58+00:00,POS-DEBIT,30,3.6,33.6,ACCEPTED
28082,2017-12-28 01:04:04+00:00,POS-DEBIT,30,3.6,33.6,ACCEPTED
27962,2017-12-22 05:37:31+00:00,CREDIT CARD,30,3.6,33.6,ACCEPTED
28026,2017-12-25 18:08:33+00:00,CREDIT CARD,12,1.44,13.44,ACCEPTED
28044,2017-12-26 18:48:39+00:00,CREDIT CARD,30,3.6,33.6,ACCEPTED
27963,2017-12-22 06:06:21+00:00,CREDIT CARD,30,3.6,33.6,ACCEPTED
27965,2017-12-22 08:01:16+00:00,CREDIT CARD,12,1.44,13.44,ACCEPTED
27997,2017-12-23 08:10:40+00:00,CREDIT CARD,12,1.44,13.44,ACCEPTED
27966,2017-12-22 15:13:43+00:00,POS-DEBIT,30,3.6,33.6,ACCEPTED
27967,2017-12-22 15:14:08+00:00,POS-DEBIT,12,1.44,13.44,ACCEPTED
27968,2017-12-22 15:14:31+00:00,ADMIN HEADSET,2.5,0.3,2.8,ACCEPTED
27978,2017-12-22 18:46:52+00:00,POS-DEBIT,33,3.96,36.96,ACCEPTED
28034,2017-12-25 21:15:56+00:00,POS-DEBIT,30,3.6,33.6,ACCEPTED
28109,2017-12-28 23:16:42+00:00,POS-CREDIT,30,3.6,33.6,ACCEPTED
28154,2017-12-31 22:03:24+00:00,CREDIT CARD,12,1.44,13.44,ACCEPTED
27983,2017-12-22 19:51:42+00:00,POS-CREDIT,30,3.6,33.6,ACCEPTED
27984,2017-12-22 20:05:41+00:00,POS-CREDIT,30,3.6,33.6,ACCEPTED
27987,2017-12-22 22:20:02+00:00,POS-DEBIT,12,1.44,13.44,ACCEPTED
27988,2017-12-22 22:20:21+00:00,POS-DEBIT,12,1.44,13.44,ACCEPTED
27989,2017-12-22 23:56:40+00:00,CREDIT CARD,30,3.6,33.6,ACCEPTED
28020,2017-12-24 19:29:22+00:00,FREE SERVICE,12,1.44,13.44,ACCEPTED
28053,2017-12-27 01:11:10+00:00,CREDIT CARD,12,1.44,13.44,ACCEPTED
28092,2017-12-28 05:25:53+00:00,CREDIT CARD,12,1.44,13.44,ACCEPTED
27990,2017-12-23 00:08:17+00:00,CREDIT CARD,74,8.88,82.88,ACCEPTED
27991,2017-12-23 00:27:42+00:00,CREDIT CARD,12,1.44,13.44,ACCEPTED
27992,2017-12-23 01:04:53+00:00,POS-DEBIT,30,3.6,33.6,ACCEPTED
27998,2017-12-23 16:04:05+00:00,CREDIT CARD,30,3.6,33.6,ACCEPTED
28031,2017-12-25 20:05:26+00:00,FREE SERVICE,12,1.44,13.44,ACCEPTED
28003,2017-12-23 22:39:48+00:00,CREDIT CARD,30,3.6,33.6,ACCEPTED
28004,2017-12-23 23:09:48+00:00,POS-CREDIT,30,3.6,33.6,ACCEPTED
28066,2017-12-27 19:15:09+00:00,POS-CREDIT,74,8.88,82.88,ACCEPTED
28005,2017-12-23 23:35:17+00:00,CREDIT CARD,12,1.44,13.44,ACCEPTED
28006,2017-12-23 23:48:57+00:00,POS-DEBIT,12,1.44,13.44,ACCEPTED
28007,2017-12-23 23:49:20+00:00,POS-DEBIT,12,1.44,13.44,ACCEPTED
28035,2017-12-25 21:25:46+00:00,POS-DEBIT,12,1.44,13.44,ACCEPTED
28047,2017-12-26 21:12:08+00:00,CASH,12,1.44,13.44,ACCEPTED
28083,2017-12-28 01:05:12+00:00,POS-DEBIT,12,1.44,13.44,ACCEPTED
28015,2017-12-24 03:21:01+00:00,CREDIT CARD,30,3.6,33.6,ACCEPTED
28016,2017-12-24 06:34:56+00:00,CREDIT CARD,30,3.6,33.6,ACCEPTED
28055,2017-12-27 02:38:06+00:00,CREDIT CARD,30,3.6,33.6,ACCEPTED
28025,2017-12-25 03:21:58+00:00,CREDIT CARD,12,1.44,13.44,ACCEPTED
28029,2017-12-25 19:25:46+00:00,CASH,30,3.6,33.6,ACCEPTED
28104,2017-12-28 18:52:47+00:00,POS-CREDIT,30,3.6,33.6,ACCEPTED
28153,2017-12-31 21:29:29+00:00,CREDIT CARD,30,3.6,33.6,ACCEPTED
28037,2017-12-25 22:18:21+00:00,CREDIT CARD,74,8.88,82.88,ACCEPTED
28038,2017-12-25 22:47:40+00:00,CREDIT CARD,30,3.6,33.6,ACCEPTED
28040,2017-12-26 00:17:15+00:00,CREDIT CARD,30,3.6,33.6,ACCEPTED
28041,2017-12-26 00:27:59+00:00,CREDIT CARD,30,3.6,33.6,ACCEPTED
28111,2017-12-28 23:56:07+00:00,CREDIT CARD,30,3.6,33.6,ACCEPTED
28045,2017-12-26 20:11:25+00:00,CREDIT CARD,12,1.44,13.44,ACCEPTED
28051,2017-12-27 00:22:07+00:00,POS-DEBIT,79,9.48,88.48,ACCEPTED
28052,2017-12-27 00:37:04+00:00,CREDIT CARD,30,3.6,33.6,ACCEPTED
28126,2017-12-30 00:58:18+00:00,CREDIT CARD,30,3.6,33.6,ACCEPTED
28057,2017-12-27 15:13:54+00:00,CREDIT CARD,30,3.6,33.6,ACCEPTED
28059,2017-12-27 17:01:03+00:00,POS-CREDIT,30,3.6,33.6,ACCEPTED
28060,2017-12-27 17:01:16+00:00,ADMIN HEADSET,2.5,0.3,2.8,ACCEPTED
28064,2017-12-27 17:48:05+00:00,CREDIT CARD,30,3.6,33.6,ACCEPTED
28150,2017-12-31 19:09:18+00:00,POS-DEBIT,30,3.6,33.6,ACCEPTED
28065,2017-12-27 18:37:28+00:00,CREDIT CARD,30,3.6,33.6,ACCEPTED
28067,2017-12-27 19:25:50+00:00,CREDIT CARD,13.5,1.62,15.12,ACCEPTED
28069,2017-12-27 21:19:39+00:00,CREDIT CARD,12,1.44,13.44,ACCEPTED
28072,2017-12-27 22:01:08+00:00,POS-CREDIT,155,18.6,173.6,ACCEPTED
28074,2017-12-27 23:10:00+00:00,CREDIT CARD,74,8.88,82.88,ACCEPTED
28075,2017-12-27 23:18:35+00:00,CREDIT CARD,30,3.6,33.6,ACCEPTED
28084,2017-12-28 01:21:49+00:00,CREDIT CARD,12,1.44,13.44,ACCEPTED
28085,2017-12-28 01:38:19+00:00,POS-DEBIT,12,1.44,13.44,ACCEPTED
28115,2017-12-29 02:37:56+00:00,CREDIT CARD,12,1.44,13.44,ACCEPTED
28128,2017-12-30 03:29:53+00:00,CREDIT CARD,12,1.44,13.44,ACCEPTED
28148,2017-12-31 05:08:06+00:00,CREDIT CARD,12,1.44,13.44,ACCEPTED
28087,2017-12-28 02:51:42+00:00,POS-CREDIT,12,1.44,13.44,ACCEPTED
28090,2017-12-28 02:58:09+00:00,CREDIT CARD,30,3.6,33.6,ACCEPTED
28146,2017-12-31 03:49:59+00:00,CREDIT CARD,30,3.6,33.6,ACCEPTED
28091,2017-12-28 04:54:23+00:00,CREDIT CARD,30,3.6,33.6,ACCEPTED
28134,2017-12-30 21:21:55+00:00,CREDIT CARD,30,3.6,33.6,ACCEPTED
28101,2017-12-28 18:27:32+00:00,POS-CREDIT,30,3.6,33.6,ACCEPTED
28106,2017-12-28 19:39:34+00:00,CREDIT CARD,30,3.6,33.6,ACCEPTED
28107,2017-12-28 21:00:22+00:00,CASH,12,1.44,13.44,ACCEPTED
28108,2017-12-28 22:54:22+00:00,POS-DEBIT,30,3.6,33.6,ACCEPTED
28110,2017-12-28 23:37:40+00:00,CREDIT CARD,30,3.6,33.6,ACCEPTED
28113,2017-12-29 01:04:54+00:00,CREDIT CARD,12,1.44,13.44,ACCEPTED
28114,2017-12-29 01:10:38+00:00,CREDIT CARD,12,1.44,13.44,ACCEPTED
28116,2017-12-29 07:35:36+00:00,CREDIT CARD,12,1.44,13.44,ACCEPTED
28117,2017-12-29 15:07:15+00:00,CREDIT CARD,12,1.44,13.44,ACCEPTED
28120,2017-12-29 18:45:52+00:00,CREDIT CARD,1.5,0.18,1.68,ACCEPTED
28130,2017-12-30 14:49:08+00:00,CREDIT CARD,12,1.44,13.44,ACCEPTED
28131,2017-12-30 19:04:23+00:00,CREDIT CARD,1.5,0.18,1.68,ACCEPTED
28149,2017-12-31 17:23:24+00:00,CREDIT CARD,30,3.6,33.6,ACCEPTED
28122,2017-12-29 21:39:39+00:00,POS-CREDIT,30,3.6,33.6,ACCEPTED
28124,2017-12-29 23:55:44+00:00,CREDIT CARD,12,1.44,13.44,ACCEPTED
28127,2017-12-30 02:56:25+00:00,CREDIT CARD,30,3.6,33.6,ACCEPTED
28135,2017-12-30 21:44:57+00:00,POS-DEBIT,30,3.6,33.6,ACCEPTED
28136,2017-12-30 21:48:01+00:00,POS-CREDIT,30,3.6,33.6,ACCEPTED
28137,2017-12-30 23:08:53+00:00,CREDIT CARD,150,18,168,ACCEPTED
28140,2017-12-31 00:35:06+00:00,CASH,74,8.88,82.88,ACCEPTED
28142,2017-12-31 00:49:46+00:00,POS-CREDIT,74,8.88,82.88,ACCEPTED
28144,2017-12-31 01:01:20+00:00,CREDIT CARD,12,1.44,13.44,ACCEPTED
28152,2017-12-31 20:43:51+00:00,POS-DEBIT,12,1.44,13.44,ACCEPTED
28155,2017-12-31 22:21:37+00:00,CREDIT CARD,30,3.6,33.6,ACCEPTED
28156,2017-12-31 22:44:37+00:00,POS-CREDIT,30,3.6,33.6,ACCEPTED
28157,2017-12-31 22:47:33+00:00,CREDIT CARD,30,3.6,33.6,ACCEPTED
